{
    "genuine": {
        "ip_velocity_mean": 4.998746013818313,
        "device_linkage_mean": 2.50123847979156,
        "inquiry_velocity_mean": 9.50424490478804,
        "balance_volatility_mean": 0.5000444803671715,
        "ocr_confidence_mean": 0.800109543554575
    },
    "fraud": {
        "ip_velocity_mean": 4.975802808141288,
        "device_linkage_mean": 2.494687847819488,
        "inquiry_velocity_mean": 9.56733785287868,
        "balance_volatility_mean": 0.5009720520484575,
        "ocr_confidence_mean": 0.8005984674604631
    }
}